{
    "prepare_queue": {
        "installed": [],
        "uninstalled": []
    },
    "config_munge": {
        "files": {
            "config.xml": {
                "parents": {
                    "/*": [
                        {
                            "xml": "<feature name=\"Camera\"><param name=\"ios-package\" value=\"CDVCamera\" /></feature>",
                            "count": 1
                        },
                        {
                            "xml": "<preference name=\"CameraUsesGeolocation\" value=\"false\" />",
                            "count": 1
                        },
                        {
                            "xml": "<feature name=\"Device\"><param name=\"ios-package\" value=\"CDVDevice\" /></feature>",
                            "count": 1
                        },
                        {
                            "xml": "<feature name=\"Notification\"><param name=\"ios-package\" value=\"CDVNotification\" /></feature>",
                            "count": 1
                        },
                        {
                            "xml": "<feature name=\"InAppBrowser\"><param name=\"ios-package\" value=\"CDVInAppBrowser\" /></feature>",
                            "count": 1
                        },
                        {
                            "xml": "<feature name=\"NetworkStatus\"><param name=\"ios-package\" value=\"CDVConnection\" /></feature>",
                            "count": 1
                        },
                        {
                            "xml": "<feature name=\"Pedometer\"><param name=\"ios-package\" value=\"Pedometer\" /><param name=\"onload\" value=\"true\" /></feature>",
                            "count": 1
                        },
                        {
                            "xml": "<feature name=\"HealthKit\"><param name=\"ios-package\" value=\"HealthKit\" /></feature>",
                            "count": 1
                        },
                        {
                            "xml": "<feature name=\"SocialSharing\"><param name=\"ios-package\" value=\"SocialSharing\" /><param name=\"onload\" value=\"true\" /></feature>",
                            "count": 1
                        },
                        {
                            "xml": "<feature name=\"Diagnostic\"><param name=\"ios-package\" value=\"Diagnostic\" /></feature>",
                            "count": 1
                        },
                        {
                            "xml": "<feature name=\"SplashScreen\"><param name=\"ios-package\" value=\"CDVSplashScreen\" /><param name=\"onload\" value=\"true\" /></feature>",
                            "count": 1
                        },
                        {
                            "xml": "<feature name=\"BackgroundMode\"><param name=\"ios-package\" value=\"APPBackgroundMode\" /></feature>",
                            "count": 1
                        },
                        {
                            "xml": "<feature name=\"Geolocation\"><param name=\"ios-package\" value=\"CDVLocation\" /></feature>",
                            "count": 1
                        }
                    ]
                }
            },
            "*-Info.plist": {
                "parents": {
                    "NSLocationWhenInUseUsageDescription": [
                        {
                            "xml": "<string>This app will now only track your location when the screen is on and the app is displayed.</string>",
                            "count": 1
                        },
                        {
                            "xml": "<string />",
                            "count": 1
                        }
                    ],
                    "UIRequiredDeviceCapabilities": [
                        {
                            "xml": "<array><string>healthkit</string></array>",
                            "count": 1
                        }
                    ],
                    "NSLocationAlwaysUsageDescription": [
                        {
                            "xml": "<string>This app requires constant access to your location in order to track your position, even when the screen is off.</string>",
                            "count": 1
                        }
                    ],
                    "UIBackgroundModes": [
                        {
                            "xml": "<array><string>audio</string></array>",
                            "count": 1
                        }
                    ]
                }
            }
        }
    },
    "installed_plugins": {
        "cordova-plugin-camera": {
            "PACKAGE_NAME": "com.cognizantenterprisemobility.manuwalklife"
        },
        "cordova-plugin-device": {
            "PACKAGE_NAME": "com.cognizantenterprisemobility.manuwalklife"
        },
        "cordova-plugin-dialogs": {
            "PACKAGE_NAME": "com.cognizantenterprisemobility.manuwalklife"
        },
        "cordova-plugin-inappbrowser": {
            "PACKAGE_NAME": "com.cognizantenterprisemobility.manuwalklife"
        },
        "cordova-plugin-network-information": {
            "PACKAGE_NAME": "com.cognizantenterprisemobility.manuwalklife"
        },
        "cordova-plugin-pedometer": {
            "PACKAGE_NAME": "com.cognizantenterprisemobility.manuwalklife"
        },
        "cordova-plugin-whitelist": {
            "PACKAGE_NAME": "com.cognizantenterprisemobility.manuwalklife"
        },
        "cordova-plugin-health": {
            "PACKAGE_NAME": "com.cognizantenterprisemobility.manuwalklife"
        },
        "cordova-plugin-x-socialsharing": {
            "PACKAGE_NAME": "com.cognizantenterprisemobility.manuwalklife"
        },
        "cordova.plugins.diagnostic.api-22": {
            "PACKAGE_NAME": "com.manulife.manuwalk"
        },
        "cordova-plugin-splashscreen": {
            "PACKAGE_NAME": "$(PRODUCT_BUNDLE_IDENTIFIER)"
        },
        "cordova-plugin-background-mode": {
            "PACKAGE_NAME": "com.manulife.manuwalkdistribution"
        },
        "cordova-plugin-geolocation": {
            "PACKAGE_NAME": "com.manulife.manuwalkdistribution"
        }
    },
    "dependent_plugins": {},
    "modules": [
        {
            "file": "plugins/cordova-plugin-camera/www/CameraConstants.js",
            "id": "cordova-plugin-camera.Camera",
            "pluginId": "cordova-plugin-camera",
            "clobbers": [
                "Camera"
            ]
        },
        {
            "file": "plugins/cordova-plugin-camera/www/CameraPopoverOptions.js",
            "id": "cordova-plugin-camera.CameraPopoverOptions",
            "pluginId": "cordova-plugin-camera",
            "clobbers": [
                "CameraPopoverOptions"
            ]
        },
        {
            "file": "plugins/cordova-plugin-camera/www/Camera.js",
            "id": "cordova-plugin-camera.camera",
            "pluginId": "cordova-plugin-camera",
            "clobbers": [
                "navigator.camera"
            ]
        },
        {
            "file": "plugins/cordova-plugin-camera/www/ios/CameraPopoverHandle.js",
            "id": "cordova-plugin-camera.CameraPopoverHandle",
            "pluginId": "cordova-plugin-camera",
            "clobbers": [
                "CameraPopoverHandle"
            ]
        },
        {
            "file": "plugins/cordova-plugin-device/www/device.js",
            "id": "cordova-plugin-device.device",
            "pluginId": "cordova-plugin-device",
            "clobbers": [
                "device"
            ]
        },
        {
            "file": "plugins/cordova-plugin-dialogs/www/notification.js",
            "id": "cordova-plugin-dialogs.notification",
            "pluginId": "cordova-plugin-dialogs",
            "merges": [
                "navigator.notification"
            ]
        },
        {
            "file": "plugins/cordova-plugin-inappbrowser/www/inappbrowser.js",
            "id": "cordova-plugin-inappbrowser.inappbrowser",
            "pluginId": "cordova-plugin-inappbrowser",
            "clobbers": [
                "cordova.InAppBrowser.open",
                "window.open"
            ]
        },
        {
            "file": "plugins/cordova-plugin-network-information/www/network.js",
            "id": "cordova-plugin-network-information.network",
            "pluginId": "cordova-plugin-network-information",
            "clobbers": [
                "navigator.connection",
                "navigator.network.connection"
            ]
        },
        {
            "file": "plugins/cordova-plugin-network-information/www/Connection.js",
            "id": "cordova-plugin-network-information.Connection",
            "pluginId": "cordova-plugin-network-information",
            "clobbers": [
                "Connection"
            ]
        },
        {
            "file": "plugins/cordova-plugin-pedometer/www/pedometer.js",
            "id": "cordova-plugin-pedometer.Pedometer",
            "pluginId": "cordova-plugin-pedometer",
            "clobbers": [
                "pedometer"
            ]
        },
        {
            "file": "plugins/cordova-plugin-health/www/ios/HealthKit.js",
            "id": "cordova-plugin-health.HealthKit",
            "pluginId": "cordova-plugin-health",
            "clobbers": [
                "window.plugins.healthkit"
            ]
        },
        {
            "file": "plugins/cordova-plugin-health/www/ios/health.js",
            "id": "cordova-plugin-health.health",
            "pluginId": "cordova-plugin-health",
            "clobbers": [
                "navigator.health"
            ]
        },
        {
            "file": "plugins/cordova-plugin-x-socialsharing/www/SocialSharing.js",
            "id": "cordova-plugin-x-socialsharing.SocialSharing",
            "pluginId": "cordova-plugin-x-socialsharing",
            "clobbers": [
                "window.plugins.socialsharing"
            ]
        },
        {
            "file": "plugins/cordova.plugins.diagnostic.api-22/www/ios/diagnostic.js",
            "id": "cordova.plugins.diagnostic.api-22.Diagnostic",
            "pluginId": "cordova.plugins.diagnostic.api-22",
            "clobbers": [
                "cordova.plugins.diagnostic"
            ]
        },
        {
            "file": "plugins/cordova-plugin-splashscreen/www/splashscreen.js",
            "id": "cordova-plugin-splashscreen.SplashScreen",
            "pluginId": "cordova-plugin-splashscreen",
            "clobbers": [
                "navigator.splashscreen"
            ]
        },
        {
            "file": "plugins/cordova-plugin-background-mode/www/background-mode.js",
            "id": "cordova-plugin-background-mode.BackgroundMode",
            "pluginId": "cordova-plugin-background-mode",
            "clobbers": [
                "cordova.plugins.backgroundMode",
                "plugin.backgroundMode"
            ]
        },
        {
            "file": "plugins/cordova-plugin-geolocation/www/Coordinates.js",
            "id": "cordova-plugin-geolocation.Coordinates",
            "pluginId": "cordova-plugin-geolocation",
            "clobbers": [
                "Coordinates"
            ]
        },
        {
            "file": "plugins/cordova-plugin-geolocation/www/PositionError.js",
            "id": "cordova-plugin-geolocation.PositionError",
            "pluginId": "cordova-plugin-geolocation",
            "clobbers": [
                "PositionError"
            ]
        },
        {
            "file": "plugins/cordova-plugin-geolocation/www/Position.js",
            "id": "cordova-plugin-geolocation.Position",
            "pluginId": "cordova-plugin-geolocation",
            "clobbers": [
                "Position"
            ]
        },
        {
            "file": "plugins/cordova-plugin-geolocation/www/geolocation.js",
            "id": "cordova-plugin-geolocation.geolocation",
            "pluginId": "cordova-plugin-geolocation",
            "clobbers": [
                "navigator.geolocation"
            ]
        }
    ],
    "plugin_metadata": {
        "cordova-plugin-camera": "2.1.0",
        "cordova-plugin-device": "1.1.1",
        "cordova-plugin-dialogs": "1.2.0",
        "cordova-plugin-inappbrowser": "1.2.1",
        "cordova-plugin-network-information": "1.2.0",
        "cordova-plugin-pedometer": "0.4.1",
        "cordova-plugin-whitelist": "1.2.0",
        "cordova-plugin-health": "0.5.3",
        "cordova-plugin-x-socialsharing": "5.0.11-dev",
        "cordova.plugins.diagnostic.api-22": "2.3.10-api-22",
        "cordova-plugin-splashscreen": "2.0.0",
        "cordova-plugin-background-mode": "0.6.5",
        "cordova-plugin-geolocation": "2.1.0"
    }
}